-- ============================================================
-- MintHive 测试数据脚本（约100+条记录）
-- 用途：填充各表测试数据，使 Dashboard 大屏展示有意义的数据
-- 执行前提：先执行 init.sql 建表和初始数据
-- 重要：执行前必须先清空并重置所有自增ID！
-- ============================================================

USE `minthive`;
SET NAMES utf8mb4;

-- ============================================================
-- 0. 清空旧测试数据 + 重置自增ID（必须先执行）
-- ============================================================
SET FOREIGN_KEY_CHECKS = 0;
DELETE FROM ai_user_log;
DELETE FROM follow;
DELETE FROM like_collect;
DELETE FROM comment;
DELETE FROM report;
DELETE FROM circle_user;
DELETE FROM post WHERE id > 5;
DELETE FROM user WHERE id > 1;
ALTER TABLE user AUTO_INCREMENT = 2;
ALTER TABLE post AUTO_INCREMENT = 6;
ALTER TABLE comment AUTO_INCREMENT = 1;
ALTER TABLE like_collect AUTO_INCREMENT = 1;
ALTER TABLE follow AUTO_INCREMENT = 1;
ALTER TABLE report AUTO_INCREMENT = 1;
ALTER TABLE circle_user AUTO_INCREMENT = 1;
ALTER TABLE ai_user_log AUTO_INCREMENT = 1;

-- 确保circle表有recommend字段（兼容旧版本）
SET @col_exists = (SELECT COUNT(*) FROM information_schema.COLUMNS WHERE TABLE_SCHEMA = DATABASE() AND TABLE_NAME = 'circle' AND COLUMN_NAME = 'recommend');
SET @sql = IF(@col_exists = 0, 'ALTER TABLE `circle` ADD COLUMN `recommend` TINYINT NOT NULL DEFAULT 0 COMMENT ''是否推荐:0否 1是'' AFTER `status`', 'SELECT 1');
PREPARE stmt FROM @sql;
EXECUTE stmt;
DEALLOCATE PREPARE stmt;
SET FOREIGN_KEY_CHECKS = 1;

-- ============================================================
-- 1. 普通用户 (id: 2~30, 共29人)
-- 密码统一: $2b$10$sO9SaS7A8UOiOpPFojpBzOgQkstUlUbkY08rZsG83otSfNwrtIAxS (admin123)
-- ============================================================
INSERT INTO `user` (`id`, `account`, `password`, `phone`, `nickname`, `bio`, `gender`, `interest_tags`, `register_time`, `status`) VALUES
(2,  'user_02', '$2b$10$sO9SaS7A8UOiOpPFojpBzOgQkstUlUbkY08rZsG83otSfNwrtIAxS', '13800001001', '星辰大海', '热爱游戏与动漫的95后', 1, '游戏,动漫',       '2026-05-20 09:15:00', 1),
(3,  'user_03', '$2b$10$sO9SaS7A8UOiOpPFojpBzOgQkstUlUbkY08rZsG83otSfNwrtIAxS', '13800001002', '月光微凉', '电影爱好者，每周一部经典', 2, '影视,读书',        '2026-05-21 14:22:00', 1),
(4,  'user_04', '$2b$10$sO9SaS7A8UOiOpPFojpBzOgQkstUlUbkY08rZsG83otSfNwrtIAxS', '13800001003', '山野清风', '户外徒步达人，走过50座山', 1, '户外,摄影',        '2026-05-22 08:33:00', 1),
(5,  'user_05', '$2b$10$sO9SaS7A8UOiOpPFojpBzOgQkstUlUbkY08rZsG83otSfNwrtIAxS', '13800001004', '书卷墨香', '阅读是生活的一部分', 2, '读书,影视',        '2026-05-23 16:45:00', 1),
(6,  'user_06', '$2b$10$sO9SaS7A8UOiOpPFojpBzOgQkstUlUbkY08rZsG83otSfNwrtIAxS', '13800001005', '镜头里的世界', '用相机记录生活的美好', 0, '摄影,户外',        '2026-05-24 11:10:00', 1),
(7,  'user_07', '$2b$10$sO9SaS7A8UOiOpPFojpBzOgQkstUlUbkY08rZsG83otSfNwrtIAxS', '13800001006', '代码诗人', '全栈开发者，业余写诗', 1, '游戏,读书',        '2026-05-25 19:55:00', 1),
(8,  'user_08', '$2b$10$sO9SaS7A8UOiOpPFojpBzOgQkstUlUbkY08rZsG83otSfNwrtIAxS', '13800001007', '咖啡时光', '手冲咖啡爱好者', 2, '读书,摄影',        '2026-05-26 07:20:00', 1),
(9,  'user_09', '$2b$10$sO9SaS7A8UOiOpPFojpBzOgQkstUlUbkY08rZsG83otSfNwrtIAxS', '13800001008', '夜跑者', '每天晚上跑步10公里', 1, '户外,游戏',        '2026-05-27 21:30:00', 1),
(10, 'user_10', '$2b$10$sO9SaS7A8UOiOpPFojpBzOgQkstUlUbkY08rZsG83otSfNwrtIAxS', '13800001009', '美食探索家', '吃遍大街小巷的美食博主', 2, '摄影,户外',        '2026-05-28 13:40:00', 1),
(11, 'user_11', '$2b$10$sO9SaS7A8UOiOpPFojpBzOgQkstUlUbkY08rZsG83otSfNwrtIAxS', '13800001010', '音乐旅人', '背着吉他去旅行', 1, '音乐,户外',        '2026-05-29 17:05:00', 1),
(12, 'user_12', '$2b$10$sO9SaS7A8UOiOpPFojpBzOgQkstUlUbkY08rZsG83otSfNwrtIAxS', '13800001011', '极客小王', '数码产品评测达人', 1, '科技,游戏',        '2026-06-01 10:18:00', 1),
(13, 'user_13', '$2b$10$sO9SaS7A8UOiOpPFojpBzOgQkstUlUbkY08rZsG83otSfNwrtIAxS', '13800001012', '插画师小林', '自由插画师，接稿中', 2, '绘画,读书',        '2026-06-02 14:33:00', 1),
(14, 'user_14', '$2b$10$sO9SaS7A8UOiOpPFojpBzOgQkstUlUbkY08rZsG83otSfNwrtIAxS', '13800001013', '健身狂魔阿杰', '增肌减脂进行时', 1, '健身,户外',        '2026-06-03 09:00:00', 1),
(15, 'user_15', '$2b$10$sO9SaS7A8UOiOpPFojpBzOgQkstUlUbkY08rZsG83otSfNwrtIAxS', '13800001014', '猫咪控', '家里有3只猫的铲屎官', 2, '宠物,摄影',        '2026-06-04 16:20:00', 1),
(16, 'user_16', '$2b$10$sO9SaS7A8UOiOpPFojpBzOgQkstUlUbkY08rZsG83otSfNwrtIAxS', '13800001015', '历史迷老张', '三国演义读了20遍', 1, '历史,读书',        '2026-06-05 11:45:00', 1),
(17, 'user_17', '$2b$10$sO9SaS7A8UOiOpPFojpBzOgQkstUlUbkY08rZsG83otSfNwrtIAxS', '13800001016', '植物学家小李', '阳台种满多肉和绿植', 2, '园艺,摄影',        '2026-06-06 08:55:00', 1),
(18, 'user_18', '$2b$10$sO9SaS7A8UOiOpPFojpBzOgQkstUlUbkY08rZsG83otSfNwrtIAxS', '13800001017', '滑板少年', '街头文化爱好者', 1, '运动,音乐',        '2026-06-07 15:30:00', 1),
(19, 'user_19', '$2b$10$sO9SaS7A8UOiOpPFojpBzOgQkstUlUbkY08rZsG83otSfNwrtIAxS', '13800001018', '烘焙达人', '周末在家做面包蛋糕', 2, '美食,摄影',        '2026-06-08 12:10:00', 1),
(20, 'user_20', '$2b$10$sO9SaS7A8UOiOpPFojpBzOgQkstUlUbkY08rZsG83otSfNwrtIAxS', '13800001019', '天文爱好者', '观星追月，仰望星空', 1, '科学,摄影',        '2026-06-09 20:40:00', 1),
(21, 'user_21', '$2b$10$sO9SaS7A8UOiOpPFojpBzOgQkstUlUbkY08rZsG83otSfNwrtIAxS', '13800001020', '茶道修行者', '品茗论道，静心养性', 0, '茶艺,读书',        '2026-06-10 07:25:00', 1),
(22, 'user_22', '$2b$10$sO9SaS7A8UOiOpPFojpBzOgQkstUlUbkY08rZsG83otSfNwrtIAxS', '13800001021', '旅行背包客', '已走过15个国家', 1, '旅行,摄影',        '2026-06-11 18:50:00', 1),
(23, 'user_23', '$2b$10$sO9SaS7A8UOiOpPFojpBzOgQkstUlUbkY08rZsG83otSfNwrtIAxS', '13800001022', '手工DIYer', '木工皮具样样通', 2, '手工,艺术',        '2026-06-12 13:15:00', 1),
(24, 'user_24', '$2b$10$sO9SaS7A8UOiOpPFojpBzOgQkstUlUbkY08rZsG83otSfNwrtIAxS', '13800001023', '二次元少女', '漫展常驻嘉宾', 2, '动漫,绘画',        '2026-06-13 10:35:00', 1),
(25, 'user_25', '$2b$10$sO9SaS7A8UOiOpPFojpBzOgQkstUlUbkY08rZsG83otSfNwrtIAxS', '13800001024', '钓鱼佬', '空军常客，偶尔上鱼', 1, '钓鱼,户外',        '2026-06-14 05:20:00', 1),
(26, 'user_26', '$2b$10$sO9SaS7A8UOiOpPFojpBzOgQkstUlUbkY08rZsG83otSfNwrtIAxS', '13800001025', '瑜伽老师Luna', '每日冥想，身心合一', 2, '瑜伽,健康',        '2026-06-15 06:45:00', 1),
(27, 'user_27', '$2b$10$sO9SaS7A8UOiOpPFojpBzOgQkstUlUbkY08rZsG83otSfNwrtIAxS', '13800001026', '机械键盘党', '客制化键盘收藏家', 1, '数码,游戏',        '2026-06-15 14:00:00', 1),
(28, 'user_28', '$2b$10$sO9SaS7A8UOiOpPFojpBzOgQkstUlUbkY08rZsG83otSfNwrtIAxS', '13800001027', '萌新小白', '刚注册的新人，请多关照', 0, '游戏,影视',        '2026-06-16 09:30:00', 1),
(29, 'user_29', '$2b$10$sO9SaS7A8UOiOpPFojpBzOgQkstUlUbkY08rZsG83otSfNwrtIAxS', '13800001028', '老玩家', '从红白机玩到PS5', 1, '游戏,科技',        '2026-06-16 11:20:00', 1),
(30, 'user_30', '$2b$10$sO9SaS7A8UOiOpPFojpBzOgQkstUlUbkY08rZsG83otSfNwrtIAxS', '13800001029', '文艺青年', '诗歌与远方', 2, '读书,音乐',        '2026-06-16 15:40:00', 1);

-- ============================================================
-- 2. 帖子数据 (id: 6~44, 共39条)
-- audit_status: 0=待审 1=通过 2=驳回
-- ============================================================
INSERT INTO `post` (`id`, `user_id`, `content`, `visibility`, `audit_status`, `like_count`, `comment_count`, `collect_count`, `circle_id`, `tags`, `create_time`) VALUES
-- 已通过帖子 (audit=1)
(6,  3,  '刚刚看完《星际穿越》，诺兰的时间叙事真的太绝了！库珀在书架前的那个镜头让我直接泪崩。有没有同好的朋友想聊聊？', 0, 1, 23, 8, 5,  2, '电影,科幻',           '2026-06-01 19:30:00'),
(7,  4,  '周末去了趟莫干山露营，风景真的绝了！分享几个实用Tips：1.带防潮垫 2.帐篷选三季帐 3.一定要带充电宝。附几张照片👇', 0, 1, 45, 15, 12, 3, '露营,户外',          '2026-06-02 21:15:00'),
(8,  5,  '最近在读《人类简史》，赫拉利对认知革命的解读让人耳目一新。推荐给所有对历史感兴趣的朋友！', 0, 1, 18, 6, 9,  4, '读书,历史',           '2026-06-03 14:20:00'),
(9,  6,  '今天在公园拍到了一只翠鸟！用了索尼A7M4 + 200-600mm镜头，快门速度1/2000s。鸟类摄影真的太考验耐心了...', 0, 1, 67, 22, 18, 5, '摄影,鸟类',           '2026-06-04 16:45:00'),
(10, 7,  '作为一个写了10年代码的老程序员，分享一下我的技术栈心得：后端Java/SpringBoot，前端Vue3，数据库MySQL。你们用什么栈？', 0, 1, 31, 19, 7,  NULL, '编程,技术',         '2026-06-05 10:00:00'),
(11, 8,  '手冲咖啡入门指南：1.水温92-96度 2.粉水比1:15 3.闷蒸30秒 4.分段注水。新手建议从浅烘豆开始练手☕️', 0, 1, 39, 11, 14, NULL, '咖啡,生活',          '2026-06-06 08:30:00'),
(12, 9,  '今晚夜跑10公里完成！配速5分30秒，心率控制在150以内。坚持跑步三个月了，体脂率从24%降到了18%', 0, 1, 28, 9, 6,  3, '跑步,健身',          '2026-06-07 21:00:00'),
(13, 10, '探店打卡：藏在巷子里的一家重庆小面，老板是地道的重庆人，麻辣鲜香！人均才15块，性价比无敌🍜', 0, 1, 52, 18, 10, NULL, '美食,探店',          '2026-06-08 12:30:00'),
(14, 11, '大理洱海环湖骑行攻略：全程130公里，建议分两天骑行。第一天海西看日落，第二天海东看日出。沿途有很多拍照点', 0, 1, 41, 14, 16, 3, '骑行,旅行',          '2026-06-09 17:20:00'),
(15, 12, 'iPhone 16 Pro Max 深度使用一个月体验：续航确实提升明显，拍照色彩更自然了，但发热问题依然存在', 0, 1, 56, 31, 8,  NULL, '数码,测评',          '2026-06-10 20:15:00'),
(16, 13, '画了一组夏日主题的水彩插画，灵感来自宫崎骏的动画风格。从线稿到上色花了大概6小时，满意！', 0, 1, 34, 12, 11, NULL, '插画,艺术',          '2026-06-11 15:40:00'),
(17, 14, '增肌第90天打卡！体重从65kg涨到72kg，深蹲120kg，卧推80kg。饮食方面每天保证每公斤体重2g蛋白质', 0, 1, 47, 20, 9,  NULL, '健身,增肌',          '2026-06-12 19:00:00'),
(18, 15, '我家三只猫的日常：橘猪每天睡20小时，布偶是个粘人精，英短高冷得像个大爷😂', 0, 1, 89, 35, 22, NULL, '猫咪,宠物',          '2026-06-13 11:25:00'),
(19, 16, '为什么说赤壁之战是中国历史上最精彩的战役之一？从兵力对比到战术运用，每个细节都值得反复推敲', 0, 1, 15, 7, 4,  4, '历史,三国',           '2026-06-14 09:10:00'),
(20, 17, '阳台多肉养护心得：1.少浇水（干透浇透）2.多晒太阳 3.通风很重要 4.冬天注意保暖。附我的多肉拼盘照片', 0, 1, 26, 8, 13, NULL, '多肉,园艺',          '2026-06-15 14:50:00'),
(21, 18, '滑板ollie终于练成了！练了一个月，摔了无数次。分享一个新手tip：先在草地上练习找感觉', 0, 1, 19, 5, 3,  NULL, '滑板,运动',          '2026-06-15 18:30:00'),
(22, 19, '第一次尝试做巴斯克芝士蛋糕，居然成功了！外焦里嫩，口感绵密。配方分享给大家~', 0, 1, 38, 15, 10, NULL, '烘焙,甜点',          '2026-06-15 16:00:00'),
(23, 20, '昨晚用望远镜看了木星和它的四颗伽利略卫星，太震撼了！推荐新手入坑买一台信达小黑', 0, 1, 21, 6, 8,  NULL, '天文,观星',          '2026-06-15 22:00:00'),
(24, 21, '龙井茶的冲泡方法：85度水，玻璃杯，先赏其形再闻其香后品其味。明前茶和雨前茶的区别你知道吗？', 0, 1, 12, 4, 3,  NULL, '茶艺,龙井',          '2026-06-15 10:20:00'),
(25, 22, '日本京都5日游攻略：Day1伏见稻荷 Day2清水寺 Day3岚山 Day4金阁寺 Day5锦市场。人均花费约5000元', 0, 1, 63, 27, 19, 3, '旅行,日本',           '2026-06-14 20:00:00'),
(26, 23, '手工做了一个植鞣革钱包，从裁皮到缝线到封边，全程耗时8小时。手工的魅力就在于每一件都是独一无二的', 0, 1, 29, 10, 7,  NULL, '手工,皮具',          '2026-06-13 13:30:00'),
(27, 2,  '【官方公告】MintHive平台社区规范更新通知，请各位用户仔细阅读并遵守', 0, 1, 156, 42, 30, NULL, '公告,规范',          '2026-06-10 09:00:00'),
(28, 3,  '《沙丘2》维伦纽瓦真的是当代最好的科幻导演之一！视听语言太高级了，IMAX版本必看', 0, 1, 44, 16, 11, 2, '电影,科幻',           '2026-06-12 20:30:00'),
(29, 4,  '武功山徒步穿越记：从沈子村到发云界再到金顶，两天一夜。日出云海真的值了！装备清单在评论区', 0, 1, 53, 21, 15, 3, '徒步,武功山',        '2026-06-11 07:30:00'),
(30, 7,  'Vue3 + Vite 项目性能优化实战：1.路由懒加载 2.组件按需引入 3.图片压缩 4.虚拟列表。性能提升70%+', 0, 1, 37, 14, 9,  NULL, '前端,优化',          '2026-06-13 10:00:00'),
(31, 10, '成都三天吃喝玩乐攻略：春熙路→太古里→宽窄巷子→锦里→人民公园→建设路小吃街。总花费不到800块', 0, 1, 71, 29, 17, NULL, '成都,旅游',          '2026-06-14 11:30:00'),
(32, 15, '猫咪行为学：为什么猫喜欢钻箱子？因为狭小的空间让它们有安全感。你家猫也有这个习惯吗？', 0, 1, 48, 18, 14, NULL, '猫咪,科普',          '2026-06-15 09:00:00'),

-- 待审核帖子 (audit=0)
(33, 24, '今天画的二次元同人图，角色是原神里的雷电将军，大家觉得怎么样？', 0, 0, 0, 0, 0, NULL, '绘画,原神',          '2026-06-17 10:00:00'),
(34, 25, '出售闲置Switch游戏卡带，塞尔达、马里奥、动森都有，价格私聊', 0, 0, 0, 0, 0, 1, '游戏,二手',          '2026-06-17 11:30:00'),
(35, 26, '求问大家有什么好用的降噪耳机推荐？预算500-1000', 0, 0, 0, 0, 0, NULL, '数码,耳机',          '2026-06-17 13:00:00'),
(36, 28, '新人报到！请问这里可以讨论独立游戏开发吗？我正在做一款像素风RPG', 0, 0, 0, 0, 0, 1, '游戏,开发',          '2026-06-17 14:00:00'),
(37, 30, '分享一首最近循环的歌：《起风了》，每次听都很感动', 0, 0, 0, 0, 0, NULL, '音乐,分享',          '2026-06-17 15:00:00'),

-- 已驳回帖子 (audit=2)
(38, 27, '加微信xxxxxx 免费领取王者荣耀皮肤，真实有效！！！', 0, 2, 0, 0, 0, NULL, NULL,                   '2026-06-16 20:00:00'),
(39, 29, '这里有人吗？测试一下发帖功能哈哈哈哈哈哈', 0, 2, 0, 0, 0, NULL, NULL,                   '2026-06-17 08:00:00'),

-- 今日发布的帖子 (audit=1)
(40, 12, 'MacBook Pro M4芯片跑分出来了！单核3200多核21000，比上一代提升了约20%。生产力工具又升级了', 0, 1, 61, 23, 13, NULL, '苹果,芯片',          '2026-06-17 09:30:00'),
(41, 14, '今天健身房腿部训练日，深蹲做了5组×12个，重量100kg。练完腿软得像果冻😂', 0, 1, 22, 8, 4,  NULL, '健身,训练',          '2026-06-17 18:00:00'),
(42, 19, '试做了一个抹茶千层蛋糕，层次分明，抹茶味浓郁不苦。配方稍后整理发出来~', 0, 1, 33, 11, 9,  NULL, '烘焙,抹茶',          '2026-06-17 15:30:00'),
(43, 22, '计划下个月去新疆独库公路自驾，有没有一起的小伙伴？目前2车4人，还可以加1-2辆车', 0, 1, 19, 7, 5,  3, '自驾,新疆',          '2026-06-17 20:00:00');

-- ============================================================
-- 3. 圈子成员 (circle_user)
-- circle_id: 1=游戏 2=影视 3=户外 4=读书 5=摄影
-- ============================================================
INSERT INTO `circle_user` (`circle_id`, `user_id`, `role`, `audit_status`) VALUES
(1, 3, 0, 1), (1, 7, 0, 1), (1, 9, 0, 1), (1, 12, 0, 1), (1, 24, 0, 1), (1, 27, 0, 1), (1, 29, 0, 1),
(2, 3, 0, 1), (2, 5, 0, 1), (2, 8, 0, 1), (2, 13, 0, 1), (2, 16, 0, 1), (2, 21, 0, 1), (2, 28, 0, 1), (2, 30, 0, 1),
(3, 4, 0, 1), (3, 6, 0, 1), (3, 9, 0, 1), (3, 10, 0, 1), (3, 11, 0, 1), (3, 14, 0, 1), (3, 18, 0, 1), (3, 22, 0, 1), (3, 25, 0, 1),
(4, 5, 0, 1), (4, 7, 0, 1), (4, 8, 0, 1), (4, 16, 0, 1), (4, 21, 0, 1), (4, 23, 0, 1), (4, 30, 0, 1),
(5, 6, 0, 1), (5, 10, 0, 1), (5, 15, 0, 1), (5, 17, 0, 1), (5, 19, 0, 1), (5, 20, 0, 1), (5, 22, 0, 1);

UPDATE `circle` SET member_count = (SELECT COUNT(*) FROM circle_user WHERE circle_id = circle.id AND audit_status = 1);

-- ============================================================
-- 4. 评论数据 (comment id: 1~45)
-- ============================================================
INSERT INTO `comment` (`id`, `post_id`, `user_id`, `parent_id`, `content`, `like_count`, `create_time`) VALUES
(1,  6,  4, 0, '这部片子我刷了三遍！每次都有新的发现', 5,  '2026-06-01 20:00:00'),
(2,  6,  7, 0, '诺兰的电影都需要二刷才能完全理解', 3,  '2026-06-01 20:30:00'),
(3,  6,  3, 1, '同意！尤其是关于五维空间的那段', 2,  '2026-06-01 21:00:00'),
(4,  7,  6, 0, '照片拍得太好了！用的什么相机？', 8,  '2026-06-02 22:00:00'),
(5,  7,  10, 0, '莫干山我也去过，推荐那边的民宿', 4,  '2026-06-02 22:30:00'),
(6,  7,  4, 0, '下次露营叫上我！', 6,  '2026-06-03 09:00:00'),
(7,  8,  16, 0, '这本书我也在读！第七章的认知革命写得最好', 3,  '2026-06-03 15:00:00'),
(8,  9,  17, 0, '翠鸟太难拍了，能拍到说明技术不错', 7,  '2026-06-04 17:00:00'),
(9,  9,  6, 0, '200-600mm这镜头多少钱？种草了', 5,  '2026-06-04 17:30:00'),
(10, 10, 12, 0, '我也是Java栈的！SpringBoot确实好用', 9,  '2026-06-05 11:00:00'),
(11, 10, 7, 0, 'Vue3的组合式API写起来真的很爽', 4,  '2026-06-05 11:30:00'),
(12, 11, 21, 0, '收藏了！正想学手冲咖啡', 6,  '2026-06-06 09:00:00'),
(13, 12, 14, 0, '厉害了！5分30的配速很快了', 5,  '2026-06-07 21:30:00'),
(14, 13, 19, 0, '这家店在哪里？想去试试', 8,  '2026-06-08 13:00:00'),
(15, 14, 11, 0, '洱海骑行太浪漫了！明年一定要去', 6,  '2026-06-09 18:00:00'),
(16, 15, 7, 0, '等我的16 Pro Max到了也来写个体验', 11, '2026-06-10 21:00:00'),
(17, 16, 13, 0, '画得好好看！水彩质感很棒', 7,  '2026-06-11 16:00:00'),
(18, 17, 15, 0, '增肌真的需要耐心，坚持就是胜利', 4,  '2026-06-12 20:00:00'),
(19, 18, 3,  0, '哈哈哈橘猪这个名字太形象了', 12, '2026-06-13 12:00:00'),
(20, 19, 16, 0, '赤壁之战确实是军事史上的经典案例', 3,  '2026-06-14 10:00:00'),
(21, 20, 17, 0, '多肉拼盘太好看了！求养护教程', 5,  '2026-06-15 15:00:00'),
(22, 21, 18, 0, 'ollie是基础动作但也是最难的动作之一', 2,  '2026-06-15 19:00:00'),
(23, 22, 19, 0, '巴斯克蛋糕看起来好好吃！求配方', 9,  '2026-06-15 17:00:00'),
(24, 23, 20, 0, '天文入门应该买什么设备？', 4,  '2026-06-15 22:30:00'),
(25, 24, 21, 0, '学到了！以前一直用开水泡茶', 3,  '2026-06-15 11:00:00'),
(26, 25, 22, 0, '京都攻略太详细了，收藏备用', 7,  '2026-06-14 21:00:00'),
(27, 26, 23, 0, '手工皮具太酷了！想学习怎么做', 5,  '2026-06-13 14:00:00'),
(28, 27, 3,  0, '收到，会遵守社区规范的', 2,  '2026-06-10 09:30:00'),
(29, 28, 4,  0, '沙丘2的配乐也是汉斯季默做的，太强了', 4,  '2026-06-12 21:00:00'),
(30, 29, 9,  0, '武功山的星空营地超赞！', 6,  '2026-06-11 08:00:00'),
(31, 30, 7,  0, '虚拟列表确实是大数据量的必备方案', 3,  '2026-06-13 11:00:00'),
(32, 31, 10, 0, '成都的美食真的太多了，三天根本不够吃', 8,  '2026-06-14 12:00:00'),
(33, 32, 15, 0, '原来如此！我家猫也特别喜欢纸箱子', 5,  '2026-06-15 10:00:00'),
(34, 40, 12, 0, 'M4芯片的性能提升感知明显吗？', 6,  '2026-06-17 10:00:00'),
(35, 41, 15, 0, '腿部日是最痛苦但也最有成就感的一天', 3,  '2026-06-17 18:30:00'),
(36, 42, 19, 0, '抹茶千层看起来太诱人了！', 4,  '2026-06-17 16:00:00'),
(37, 43, 22, 0, '独库公路最美的是6-8月，现在去正好', 5,  '2026-06-17 20:30:00'),
(38, 6,  5,  0, '片尾曲《Interstellar》也好听到哭', 2,  '2026-06-02 10:00:00'),
(39, 7,  9,  0, '防潮垫真的很有必要，上次没带后悔死了', 3,  '2026-06-03 14:00:00'),
(40, 10, 12, 0, '后端除了Java还推荐学Go语言', 1,  '2026-06-06 14:00:00'),
(41, 13, 10, 0, '坐标哪里？我也想去尝尝', 4,  '2026-06-08 14:00:00'),
(42, 15, 27, 0, '作为苹果生态用户表示M4真香', 2,  '2026-06-17 11:00:00'),
(43, 18, 15, 0, '猫奴+健身党，双重身份', 1,  '2026-06-17 19:00:00'),
(44, 28, 3,  0, '维伦纽瓦的画面构图一绝', 3,  '2026-06-12 22:00:00'),
(45, 29, 4,  0, '金顶的日出值得所有的辛苦', 2,  '2026-06-11 09:00:00');

-- ============================================================
-- 5. 点赞/收藏数据 (like_collect)
-- type: 1=点赞帖子 2=点赞评论 3=收藏帖子
-- ============================================================
INSERT INTO `like_collect` (`target_id`, `user_id`, `type`, `create_time`) VALUES
-- 帖子点赞 (type=1)
(6,  4, 1, '2026-06-01 20:30:00'), (6, 5, 1, '2026-06-01 21:00:00'), (6, 7, 1, '2026-06-02 09:00:00'),
(6, 8, 1, '2026-06-02 10:00:00'), (6, 9, 1, '2026-06-03 11:00:00'), (6, 11, 1, '2026-06-04 14:00:00'),
(7, 6, 1, '2026-06-02 22:30:00'), (7, 10, 1, '2026-06-03 08:00:00'), (7, 11, 1, '2026-06-03 09:00:00'),
(7, 14, 1, '2026-06-04 10:00:00'), (7, 18, 1, '2026-06-05 11:00:00'), (7, 22, 1, '2026-06-06 12:00:00'),
(9, 6, 1, '2026-06-04 18:00:00'), (9, 10, 1, '2026-06-04 19:00:00'), (9, 13, 1, '2026-06-05 10:00:00'),
(9, 17, 1, '2026-06-06 11:00:00'), (9, 20, 1, '2026-06-07 09:00:00'),
(10, 7, 1, '2026-06-05 12:00:00'), (10, 12, 1, '2026-06-05 13:00:00'), (10, 27, 1, '2026-06-06 14:00:00'),
(13, 8, 1, '2026-06-08 14:00:00'), (13, 14, 1, '2026-06-08 15:00:00'), (13, 19, 1, '2026-06-09 09:00:00'),
(15, 3, 1, '2026-06-10 22:00:00'), (15, 7, 1, '2026-06-11 09:00:00'), (15, 12, 1, '2026-06-11 10:00:00'),
(17, 3, 1, '2026-06-13 13:00:00'), (17, 5, 1, '2026-06-13 14:00:00'), (17, 8, 1, '2026-06-14 09:00:00'),
(17, 10, 1, '2026-06-14 10:00:00'), (17, 13, 1, '2026-06-15 09:00:00'),
(18, 3, 1, '2026-06-13 13:00:00'), (18, 4, 1, '2026-06-13 14:00:00'), (18, 7, 1, '2026-06-14 09:00:00'),
(18, 10, 1, '2026-06-14 10:00:00'), (18, 13, 1, '2026-06-15 09:00:00'), (18, 16, 1, '2026-06-15 10:00:00'),
(18, 19, 1, '2026-06-16 09:00:00'), (18, 23, 1, '2026-06-16 10:00:00'),
(31, 10, 1, '2026-06-14 13:00:00'), (31, 15, 1, '2026-06-14 14:00:00'), (31, 22, 1, '2026-06-15 09:00:00'),

-- 评论点赞 (type=2)
(1, 7, 2, '2026-06-01 21:30:00'), (1, 8, 2, '2026-06-02 09:00:00'),
(2, 11, 2, '2026-06-02 23:00:00'), (4, 10, 2, '2026-06-04 18:00:00'),
(5, 12, 2, '2026-06-05 12:00:00'), (8, 14, 2, '2026-06-08 14:00:00'),
(10, 7, 2, '2026-06-10 22:00:00'), (13, 3, 2, '2026-06-13 13:00:00'),

-- 收藏帖子 (type=3)
(7, 4, 3, '2026-06-03 10:00:00'), (7, 9, 3, '2026-06-04 09:00:00'), (7, 11, 3, '2026-06-05 10:00:00'),
(9, 13, 3, '2026-06-06 09:00:00'), (9, 20, 3, '2026-06-08 09:00:00'),
(10, 12, 3, '2026-06-06 15:00:00'), (11, 21, 3, '2026-06-07 09:00:00'),
(14, 11, 3, '2026-06-10 09:00:00'), (14, 22, 3, '2026-06-11 09:00:00'),
(15, 7, 3, '2026-06-11 10:00:00'), (17, 5, 3, '2026-06-14 10:00:00'),
(18, 3, 3, '2026-06-13 14:00:00'), (18, 7, 3, '2026-06-14 10:00:00'),
(25, 3, 3, '2026-06-14 22:00:00'), (26, 10, 3, '2026-06-14 22:00:00');

-- ============================================================
-- 6. 关注关系 (follow)
-- ============================================================
INSERT INTO `follow` (`user_id`, `follow_user_id`, `create_time`) VALUES
(3, 4, '2026-05-22 10:00:00'), (3, 6, '2026-05-25 14:00:00'), (3, 7, '2026-06-01 09:00:00'),
(4, 3, '2026-05-22 11:00:00'), (4, 10, '2026-06-09 09:00:00'),
(5, 3, '2026-05-24 09:00:00'), (5, 16, '2026-06-05 10:00:00'), (5, 21, '2026-06-11 09:00:00'),
(6, 4, '2026-05-25 09:00:00'), (6, 17, '2026-06-06 10:00:00'), (6, 20, '2026-06-10 09:00:00'),
(7, 3, '2026-05-26 10:00:00'), (7, 12, '2026-06-02 11:00:00'),
(8, 4, '2026-05-27 09:00:00'), (8, 21, '2026-06-07 09:00:00'),
(9, 4, '2026-05-28 22:00:00'), (9, 14, '2026-06-08 21:00:00'),
(10, 6, '2026-05-29 13:00:00'), (10, 19, '2026-06-09 13:00:00'),
(11, 6, '2026-06-01 18:00:00'), (11, 22, '2026-06-12 18:00:00');

-- ============================================================
-- 7. 举报工单 (report)
-- status: 0=待处理 1=已驳回 2=已处理
-- ============================================================
INSERT INTO `report` (`reporter_id`, `target_id`, `target_type`, `report_type`, `reason`, `status`, `ai_risk_level`, `create_time`) VALUES
(3,  38, 1, '广告引流', '该帖子包含微信广告信息，引导用户添加微信', 0, 3, '2026-06-16 21:00:00'),
(5,  38, 1, '广告引流', '明显的垃圾广告内容', 0, 3, '2026-06-16 22:00:00'),
(7,  39, 1, '低质量内容', '纯水帖无实际内容', 0, 1, '2026-06-17 09:00:00'),
(9,  34, 1, '广告引流', '二手交易广告应走专门渠道', 0, 2, '2026-06-17 12:00:00'),
(16, 6,  1, '抄袭搬运', '疑似搬运其他平台的内容', 1, 2, '2026-06-10 15:00:00'),
(8,  10, 1, '人身攻击', '评论中对其他用户使用了不当言论', 2, 3, '2026-06-08 10:00:00'),
(10, 13, 2, '人身攻击', '评论中包含侮辱性词汇', 2, 3, '2026-06-09 14:00:00'),
(12, 17, 1, '违法内容', '涉及违规医疗建议', 2, 3, '2026-06-12 16:00:00'),
(15, 25, 1, '低俗色情', '头像和简介涉嫌低俗', 1, 2, '2026-06-14 11:00:00'),
(20, 26, 1, '抄袭搬运', '文章大段复制自其他作者', 0, 2, '2026-06-17 16:00:00');

-- ============================================================
-- 8. AI用户行为日志 (ai_user_log) - 覆盖近30天，用于DAU统计
-- action_type: view/like/comment/stay
-- ============================================================
INSERT INTO `ai_user_log` (`user_id`, `post_id`, `action_type`, `duration`, `action_time`) VALUES
-- 6月17日（今天）高频活跃
(3,  40, 'view',   45, '2026-06-17 08:30:00'), (3,  40, 'like',  0, '2026-06-17 08:32:00'),
(4,  41, 'view',   30, '2026-06-17 09:00:00'), (4,  6,  'view',  60, '2026-06-17 09:15:00'),
(5,  42, 'view',   25, '2026-06-17 09:30:00'), (5,  42, 'like',  0, '2026-06-17 09:32:00'),
(6,  43, 'view',   50, '2026-06-17 10:00:00'), (6,  43, 'comment', 0, '2026-06-17 10:05:00'),
(7,  33, 'view',   40, '2026-06-17 10:15:00'), (7,  35, 'view',  20, '2026-06-17 10:30:00'),
(8,  38, 'view',   35, '2026-06-17 11:00:00'), (8,  38, 'like',  0, '2026-06-17 11:05:00'),
(9,  41, 'view',   55, '2026-06-17 14:00:00'), (9,  41, 'stay', 120, '2026-06-17 14:10:00'),
(10, 37, 'view',   30, '2026-06-17 15:00:00'), (10, 37, 'like',  0, '2026-06-17 15:05:00'),
(11, 33, 'view',   45, '2026-06-17 16:00:00'), (11, 33, 'like', 0, '2026-06-17 16:05:00'),
(12, 34, 'view',   25, '2026-06-17 17:00:00'), (12, 34, 'comment', 0, '2026-06-17 17:05:00'),
(13, 42, 'view',   40, '2026-06-17 18:00:00'), (14, 36, 'view',  30, '2026-06-17 18:30:00'),
(15, 40, 'view',   35, '2026-06-17 19:00:00'), (15, 40, 'like',  0, '2026-06-17 19:05:00'),
(16, 33, 'view',   50, '2026-06-17 20:00:00'), (16, 33, 'comment', 0, '2026-06-17 20:10:00'),
(17, 43, 'view',   28, '2026-06-17 20:30:00'), (18, 41, 'view',  42, '2026-06-17 21:00:00'),
(19, 42, 'view',   33, '2026-06-17 21:30:00'), (20, 33, 'view',  48, '2026-06-17 22:00:00'),
(21, 40, 'view',   38, '2026-06-17 22:30:00'), (22, 39, 'view',  55, '2026-06-17 23:00:00'),
-- 6月16日
(3,  6,  'view',   60, '2026-06-16 09:00:00'), (3,  6,  'like',  0, '2026-06-16 09:05:00'),
(4,  28, 'view',   40, '2026-06-16 10:00:00'), (5,  30, 'view',  35, '2026-06-16 11:00:00'),
(6,  7,  'view',   50, '2026-06-16 14:00:00'), (7,  25, 'view',  25, '2026-06-16 15:00:00'),
(8,  19, 'view',   45, '2026-06-16 16:00:00'), (9,  3,  'view',  55, '2026-06-16 18:00:00'),
(10, 26, 'view',   30, '2026-06-16 19:00:00'), (11, 22, 'view',  40, '2026-06-16 20:00:00'),
(12, 6,  'view',   35, '2026-06-16 21:00:00'), (13, 27, 'view',  28, '2026-06-16 21:30:00'),
(14, 17, 'view',   45, '2026-06-16 19:00:00'), (15, 29, 'view',  38, '2026-06-16 14:00:00'),
(16, 32, 'view',   42, '2026-06-16 15:00:00'), (17, 21, 'view',  25, '2026-06-16 16:00:00'),
(18, 30, 'view',   50, '2026-06-16 17:00:00'), (19, 22, 'view',  33, '2026-06-16 18:00:00'),
(20, 10, 'view',   48, '2026-06-16 19:00:00'),
-- 6月15日
(3,  26, 'view',   52, '2026-06-15 09:00:00'), (4,  30, 'view',  38, '2026-06-15 10:00:00'),
(5,  29, 'view',   43, '2026-06-15 11:00:00'), (6,  20, 'view',  30, '2026-06-15 14:00:00'),
(7,  29, 'view',   35, '2026-06-15 15:00:00'), (8,  17, 'view',  48, '2026-06-15 16:00:00'),
(9,  13, 'view',   55, '2026-06-15 18:00:00'), (10, 26, 'view',  28, '2026-06-15 19:00:00'),
(11, 29, 'view',   40, '2026-06-15 20:00:00'), (12, 20, 'view',  32, '2026-06-15 21:00:00'),
(13, 29, 'view',   50, '2026-06-15 19:00:00'), (14, 27, 'view',  36, '2026-06-15 10:00:00'),
(15, 19, 'view',   42, '2026-06-15 14:00:00'),
-- 6月14日
(3,  25, 'view',   45, '2026-06-14 09:00:00'), (4,  28, 'view',  30, '2026-06-14 10:00:00'),
(5,  30, 'view',   38, '2026-06-14 11:00:00'), (6,  24, 'view',  42, '2026-06-14 14:00:00'),
(7,  21, 'view',   28, '2026-06-14 15:00:00'), (8,  15, 'view',  50, '2026-06-14 16:00:00'),
(9,  23, 'view',   35, '2026-06-14 18:00:00'), (10, 25, 'view',  40, '2026-06-14 19:00:00'),
(11, 26, 'view',   33, '2026-06-14 20:00:00'), (12, 26, 'view',  46, '2026-06-14 21:00:00'),
(13, 19, 'view',   25, '2026-06-14 09:00:00'), (14, 26, 'view',  38, '2026-06-14 19:00:00'),
-- 6月13日
(3,  28, 'view',   40, '2026-06-13 09:00:00'), (4,  26, 'view',  35, '2026-06-13 10:00:00'),
(5,  25, 'view',   48, '2026-06-13 11:00:00'), (6,  28, 'view',  30, '2026-06-13 14:00:00'),
(7,  26, 'view',   42, '2026-06-13 15:00:00'), (8,  16, 'view',  36, '2026-06-13 16:00:00'),
(9,  12, 'view',   52, '2026-06-13 18:00:00'), (10, 26, 'view',  28, '2026-06-13 19:00:00'),
(11, 14, 'view',   44, '2026-06-13 20:00:00'), (11, 26, 'view',  32, '2026-06-13 21:00:00'),
(12, 17, 'view',   38, '2026-06-13 09:00:00'),
-- 6月12日
(3,  28, 'view',   45, '2026-06-12 09:00:00'), (4,  28, 'view',  32, '2026-06-12 10:00:00'),
(5,  16, 'view',   38, '2026-06-12 11:00:00'), (6,  28, 'view',  42, '2026-06-12 14:00:00'),
(7,  16, 'view',   28, '2026-06-12 15:00:00'), (8,  17, 'view',  50, '2026-06-12 16:00:00'),
(9,  16, 'view',   35, '2026-06-12 18:00:00'), (10, 17, 'view',  40, '2026-06-12 20:00:00'),
(11, 16, 'view',   33, '2026-06-12 20:00:00'), (11, 16, 'view',  46, '2026-06-12 21:00:00'),
-- 6月11日及之前（稀疏分布）
(3,  16, 'view',   40, '2026-06-11 09:00:00'), (4,  16, 'view',  35, '2026-06-11 10:00:00'),
(5,  16, 'view',   45, '2026-06-11 11:00:00'), (6,  9,  'view',  30, '2026-06-11 14:00:00'),
(7,  16, 'view',   38, '2026-06-11 15:00:00'), (8,  16, 'view',  42, '2026-06-11 16:00:00'),
(9,  9,  'view',   35, '2026-06-11 18:00:00'), (10, 16, 'view',  28, '2026-06-11 19:00:00'),
(3,  15, 'view',   42, '2026-06-10 09:00:00'), (4,  26, 'view',  30, '2026-06-10 10:00:00'),
(5,  6,  'view',   38, '2026-06-10 11:00:00'), (6,  10, 'view',  45, '2026-06-10 14:00:00'),
(7,  6,  'view',   28, '2026-06-10 15:00:00'), (8,  26, 'view',  50, '2026-06-10 16:00:00'),
(9,  6,  'view',   35, '2026-06-10 18:00:00'), (10, 26, 'view',  40, '2026-06-10 19:00:00'),
(3,  10, 'view',   40, '2026-06-09 09:00:00'), (4,  10, 'view',  35, '2026-06-09 10:00:00'),
(5,  13, 'view',   45, '2026-06-09 11:00:00'), (6,  10, 'view',  30, '2026-06-09 14:00:00'),
(7,  13, 'view',   38, '2026-06-09 15:00:00'), (8,  13, 'view',  42, '2026-06-09 16:00:00'),
(9,  8,  'view',   35, '2026-06-09 18:00:00'), (10, 10, 'view',  28, '2026-06-09 19:00:00'),
(3,  13, 'view',   42, '2026-06-08 09:00:00'), (4,  13, 'view',  30, '2026-06-08 10:00:00'),
(5,  11, 'view',   38, '2026-06-08 11:00:00'), (6,  13, 'view',  45, '2026-06-08 14:00:00'),
(7,  11, 'view',   28, '2026-06-08 15:00:00'), (8,  11, 'view',  50, '2026-06-08 16:00:00'),
(3,  11, 'view',   40, '2026-06-07 09:00:00'), (4,  7,  'view',  35, '2026-06-07 10:00:00'),
(5,  11, 'view',   45, '2026-06-07 11:00:00'), (6,  11, 'view',  30, '2026-06-07 14:00:00'),
(7,  7,  'view',   38, '2026-06-07 15:00:00'), (3,  10, 'view',  42, '2026-06-06 09:00:00'),
(4,  6,  'view',   30, '2026-06-06 10:00:00'), (5,  10, 'view',  38, '2026-06-06 11:00:00'),
(6,  10, 'view',   45, '2026-06-05 14:00:00'), (3,  10, 'view',  40, '2026-06-05 09:00:00'),
(4,  9,  'view',   35, '2026-06-04 10:00:00'), (5,  9,  'view',  45, '2026-06-04 11:00:00'),
(3,  9,  'view',   42, '2026-06-04 09:00:00'), (4,  8,  'view',  30, '2026-06-03 10:00:00'),
(3,  8,  'view',   38, '2026-06-03 09:00:00'), (3,  6,  'view',  45, '2026-06-02 10:00:00'),
(3,  6,  'view',   40, '2026-06-02 09:00:00'), (3,  6,  'view',  35, '2026-06-01 10:00:00'),
(4,  6,  'view',   42, '2026-06-01 11:00:00');

-- ============================================================
-- 数据汇总
-- ============================================================
-- 用户: 1 admin + 29 普通用户 = 30 人 (id 1~30)
-- 帖子: 27 已通过 + 5 待审 + 2 驳回 + 4 今日 = 38 条 (id 6~43)
-- 评论: 45 条 (id 1~45)
-- 点赞收藏: ≈60 条
-- 关注: 20 条
-- 举报工单: 10 条 (4待处理 + 2已驳回 + 4已处理)
-- AI日志: 148 条 (覆盖近30天，今日最密集)
-- 圈子成员: 43 条
-- ============================================================
